type,lexeme,tag,form,segmentation,stem_surface,stem_len,root,alternation,suppletive,analytic
VERB,czytać,PRS.1SG,czytam,czyta|m,czyta,5,czyta,,,
VERB,czytać,PRS.2SG,czytasz,czyta|sz,czyta,5,czyta,,,
VERB,czytać,PRS.3SG,czyta,czyta|∅,czyta,5,czyta,,,
VERB,czytać,PRS.1PL,czytamy,czyta|my,czyta,5,czyta,,,
VERB,czytać,PRS.2PL,czytacie,czyta|cie,czyta,5,czyta,,,
VERB,czytać,PRS.3PL,czytają,czyta|ją,czyta,5,czyta,,,
VERB,czytać,PST.1SG.F,czytałam,czyta|ł|am,czyta,5,czyta,,,
VERB,czytać,PST.2SG.F,czytałaś,czyta|ł|aś,czyta,5,czyta,,,
VERB,czytać,PST.3SG.F,czytała,czyta|ł|a,czyta,5,czyta,,,
VERB,czytać,PST.1SG.M,czytałem,czyta|ł|em,czyta,5,czyta,,,
VERB,czytać,PST.2SG.M,czytałeś,czyta|ł|eś,czyta,5,czyta,,,
VERB,czytać,PST.3SG.M,czytał,czyta|ł|∅,czyta,5,czyta,,,
VERB,czytać,PST.1PL,czytaliśmy,czyta|l|iśmy,czyta,5,czyta,,,
VERB,czytać,PST.3PL,czytali,czyta|l|i,czyta,5,czyta,,,
VERB,czytać,COND.1SG.F,czytałabym,czyta|ł|a|by|m,czyta,5,czyta,,,
VERB,czytać,FUT.1SG,będę czytać,będę # czyta|ć,będę # czyta,12,czyta,,,yes
VERB,czytać,INF,czytać,czyta|ć,czyta,5,czyta,,,
VERB,pisać,PRS.1SG,piszę,pisz|ę,pisz,4,pis,s/sz,,
VERB,pisać,PRS.2SG,piszesz,pisz|esz,pisz,4,pis,s/sz,,
VERB,pisać,PRS.3SG,pisze,pisz|e,pisz,4,pis,s/sz,,
VERB,pisać,PRS.1PL,piszemy,pisz|emy,pisz,4,pis,s/sz,,
VERB,pisać,PRS.2PL,piszecie,pisz|ecie,pisz,4,pis,s/sz,,
VERB,pisać,PRS.3PL,piszą,pisz|ą,pisz,4,pis,s/sz,,
VERB,pisać,PST.1SG.F,pisałam,pisa|ł|am,pisa,4,pis,,,
VERB,pisać,PST.1SG.M,pisałem,pisa|ł|em,pisa,4,pis,,,
VERB,pisać,PST.3SG.F,pisała,pisa|ł|a,pisa,4,pis,,,
VERB,pisać,PST.3SG.M,pisał,pisa|ł|∅,pisa,4,pis,,,
VERB,pisać,COND.1SG.F,pisałabym,pisa|ł|a|by|m,pisa,4,pis,,,
VERB,pisać,INF,pisać,pisa|ć,pisa,4,pis,,,
VERB,być,PRS.1SG,jestem,jest|em,jest,4,,,yes,
VERB,być,PRS.2SG,jesteś,jest|eś,jest,4,,,yes,
VERB,być,PRS.3SG,jest,jest|∅,jest,4,,,yes,
VERB,być,PRS.1PL,jesteśmy,jest|eśmy,jest,4,,,yes,
VERB,być,PRS.2PL,jesteście,jest|eście,jest,4,,,yes,
VERB,być,PRS.3PL,są,s|ą,s,1,,,yes,
VERB,być,PST.1SG.F,byłam,był|am,był,3,,,yes,
VERB,być,PST.1SG.M,byłem,był|em,był,3,,,yes,
VERB,być,PST.3SG.F,była,był|a,był,3,,,yes,
VERB,być,PST.3SG.M,był,był|∅,był,3,,,yes,
VERB,być,PST.3PL,byli,byl|i,byl,3,,,yes,
VERB,być,FUT.1SG,będę,będ|ę,będ,3,,,yes,
VERB,być,FUT.3SG,będzie,będ|zie,będ,3,,,yes,
VERB,być,INF,być,by|ć,by,2,,,yes,
VERB,mówić,PRS.1SG,mówię,mów|ię,mów,3,mów,,,
VERB,mówić,PRS.2SG,mówisz,mów|isz,mów,3,mów,,,
VERB,mówić,PRS.3SG,mówi,mów|i,mów,3,mów,,,
VERB,mówić,PRS.1PL,mówimy,mów|imy,mów,3,mów,,,
VERB,mówić,PRS.3PL,mówią,mów|ią,mów,3,mów,,,
VERB,mówić,PST.1SG.F,mówiłam,mówi|ł|am,mówi,4,mów,,,
VERB,mówić,PST.1SG.M,mówiłem,mówi|ł|em,mówi,4,mów,,,
VERB,mówić,PST.3SG.F,mówiła,mówi|ł|a,mówi,4,mów,,,
VERB,mówić,PST.3SG.M,mówił,mówi|ł|∅,mówi,4,mów,,,
VERB,mówić,INF,mówić,mówi|ć,mówi,4,mów,,,
VERB,rozumieć,PRS.1SG,rozumiem,rozumie|m,rozumie,7,rozumie,,,
VERB,rozumieć,PRS.2SG,rozumiesz,rozumie|sz,rozumie,7,rozumie,,,
VERB,rozumieć,PRS.3SG,rozumie,rozumie|∅,rozumie,7,rozumie,,,
VERB,rozumieć,PRS.1PL,rozumiemy,rozumie|my,rozumie,7,rozumie,,,
VERB,rozumieć,PRS.3PL,rozumieją,rozumie|ją,rozumie,7,rozumie,,,
VERB,rozumieć,PST.1SG.F,rozumiałam,rozumia|ł|am,rozumia,7,rozumie,ie→ia,,
VERB,rozumieć,PST.1SG.M,rozumiałem,rozumia|ł|em,rozumia,7,rozumie,ie→ia,,
VERB,rozumieć,PST.3SG.F,rozumiała,rozumia|ł|a,rozumia,7,rozumie,ie→ia,,
VERB,rozumieć,INF,rozumieć,rozumie|ć,rozumie,7,rozumie,,,
VERB,iść,PRS.1SG,idę,id|ę,id,2,,,yes,
VERB,iść,PRS.2SG,idziesz,idzi|esz,idzi,4,,d→dzi,yes,
VERB,iść,PRS.3SG,idzie,idzi|e,idzi,4,,d→dzi,yes,
VERB,iść,PRS.1PL,idziemy,idzi|emy,idzi,4,,d→dzi,yes,
VERB,iść,PRS.3PL,idą,id|ą,id,2,,,yes,
VERB,iść,PST.1SG.F,szłam,szł|am,szł,3,,,yes,
VERB,iść,PST.1SG.M,szedłem,szedł|em,szedł,5,,,yes,
VERB,iść,PST.3SG.F,szła,szł|a,szł,3,,,yes,
VERB,iść,PST.3SG.M,szedł,szedł|∅,szedł,5,,,yes,
VERB,iść,INF,iść,iś|ć,iś,2,,,yes,
NOUN,mama,NOM.SG,mama,mam|a,mam,3,mam,,,
NOUN,mama,GEN.SG,mamy,mam|y,mam,3,mam,,,
NOUN,mama,DAT.SG,mamie,mam|ie,mam,3,mam,,,
NOUN,mama,ACC.SG,mamę,mam|ę,mam,3,mam,,,
NOUN,mama,INS.SG,mamą,mam|ą,mam,3,mam,,,
NOUN,mama,LOC.SG,mamie,mam|ie,mam,3,mam,,,
NOUN,mama,VOC.SG,mamo,mam|o,mam,3,mam,,,
NOUN,mama,NOM.PL,mamy,mam|y,mam,3,mam,,,
NOUN,mama,GEN.PL,mam,mam|∅,mam,3,mam,,,
NOUN,mama,DAT.PL,mamom,mam|om,mam,3,mam,,,
NOUN,mama,ACC.PL,mamy,mam|y,mam,3,mam,,,
NOUN,mama,INS.PL,mamami,mam|ami,mam,3,mam,,,
NOUN,mama,LOC.PL,mamach,mam|ach,mam,3,mam,,,
NOUN,dom,NOM.SG,dom,dom|∅,dom,3,dom,,,
NOUN,dom,GEN.SG,domu,dom|u,dom,3,dom,,,
NOUN,dom,DAT.SG,domowi,dom|owi,dom,3,dom,,,
NOUN,dom,ACC.SG,dom,dom|∅,dom,3,dom,,,
NOUN,dom,INS.SG,domem,dom|em,dom,3,dom,,,
NOUN,dom,LOC.SG,domu,dom|u,dom,3,dom,,,
NOUN,dom,NOM.PL,domy,dom|y,dom,3,dom,,,
NOUN,dom,GEN.PL,domów,dom|ów,dom,3,dom,,,
NOUN,dom,DAT.PL,domom,dom|om,dom,3,dom,,,
NOUN,dom,ACC.PL,domy,dom|y,dom,3,dom,,,
NOUN,dom,INS.PL,domami,dom|ami,dom,3,dom,,,
NOUN,dom,LOC.PL,domach,dom|ach,dom,3,dom,,,
NOUN,dziecko,NOM.SG,dziecko,dzie|cko,dzie,4,dzie,,,
NOUN,dziecko,GEN.SG,dziecka,dzie|cka,dzie,4,dzie,,,
NOUN,dziecko,DAT.SG,dziecku,dzie|cku,dzie,4,dzie,,,
NOUN,dziecko,ACC.SG,dziecko,dzie|cko,dzie,4,dzie,,,
NOUN,dziecko,INS.SG,dzieckiem,dzie|ckiem,dzie,4,dzie,,,
NOUN,dziecko,LOC.SG,dziecku,dzie|cku,dzie,4,dzie,,,
NOUN,dziecko,NOM.PL,dzieci,dzie|ci,dzie,4,dzie,c/ć,,
NOUN,dziecko,GEN.PL,dzieci,dzie|ci,dzie,4,dzie,c/ć,,
NOUN,dziecko,DAT.PL,dzieciom,dzie|ciom,dzie,4,dzie,c/ć,,
NOUN,dziecko,ACC.PL,dzieci,dzie|ci,dzie,4,dzie,c/ć,,
NOUN,dziecko,INS.PL,dziećmi,dzie|ćmi,dzie,4,dzie,c/ć,,
NOUN,dziecko,LOC.PL,dzieciach,dzie|ciach,dzie,4,dzie,c/ć,,
NOUN,człowiek,NOM.SG,człowiek,człowiek|∅,człowiek,8,człowiek,,,
NOUN,człowiek,GEN.SG,człowieka,człowiek|a,człowiek,8,człowiek,,,
NOUN,człowiek,DAT.SG,człowiekowi,człowiek|owi,człowiek,8,człowiek,,,
NOUN,człowiek,ACC.SG,człowieka,człowiek|a,człowiek,8,człowiek,,,
NOUN,człowiek,INS.SG,człowiekiem,człowiek|iem,człowiek,8,człowiek,,,
NOUN,człowiek,LOC.SG,człowieku,człowiek|u,człowiek,8,człowiek,,,
NOUN,człowiek,NOM.PL,ludzie,ludzi|e,ludzi,5,człowiek,,yes,
NOUN,człowiek,GEN.PL,ludzi,ludzi|∅,ludzi,5,człowiek,,yes,
NOUN,człowiek,DAT.PL,ludziom,ludzi|om,ludzi,5,człowiek,,yes,
NOUN,człowiek,ACC.PL,ludzi,ludzi|∅,ludzi,5,człowiek,,yes,
NOUN,człowiek,INS.PL,ludźmi,ludź|mi,ludź,4,człowiek,,yes,
NOUN,człowiek,LOC.PL,ludziach,ludzi|ach,ludzi,5,człowiek,,yes,
